age_at_diagnosis_in_years,tnm_stage,chemotherapy_adjuvant_Y,CMS,os_months_censored_10yr,os_event_censored_10yr,rfs_event_censored_5yr,kras_mutation_WT
74,3,FALSE,4,14,1,1,TRUE
79,3,FALSE,0,7,1,0,TRUE
58,3,TRUE,1,22,0,1,FALSE
79,3,FALSE,3,3,0,0,FALSE
55,2,FALSE,1,29,0,0,TRUE
78,2,FALSE,3,86,0,0,FALSE
80,2,FALSE,4,28,1,1,TRUE
51,3,TRUE,4,41,1,1,FALSE
62,3,TRUE,2,32,1,1,FALSE
71,2,TRUE,1,82,0,0,TRUE
80,2,FALSE,1,47,1,1,TRUE
69,3,TRUE,3,34,1,1,FALSE
86,3,FALSE,0,46,0,0,TRUE
75,3,TRUE,0,99,0,0,TRUE
82,3,FALSE,4,35,1,1,FALSE
42,2,TRUE,3,120,0,0,TRUE
73,3,TRUE,1,43,0,0,FALSE
72,3,TRUE,3,41,0,0,FALSE
40.5,3,FALSE,4,63,0,0,FALSE
87,3,FALSE,2,8,1,1,FALSE
79,3,TRUE,4,29,1,1,TRUE
68,2,FALSE,1,120,0,0,FALSE
64,3,TRUE,1,120,0,0,TRUE
46,2,TRUE,1,86,1,0,FALSE
50,3,TRUE,0,24,1,1,FALSE
78,3,TRUE,4,32,0,1,TRUE
55,3,TRUE,4,109,0,0,TRUE
50,3,TRUE,1,98,0,0,FALSE
74,2,FALSE,0,25,0,0,TRUE
70,2,FALSE,4,79,1,0,TRUE
52,3,FALSE,1,9,0,0,TRUE
72,2,FALSE,2,107,0,0,TRUE
68,2,TRUE,3,76,0,0,TRUE
55,3,FALSE,0,71,0,1,FALSE
89,3,FALSE,3,74,0,0,TRUE
70,2,FALSE,0,56,0,0,FALSE
57,3,TRUE,3,7,0,0,FALSE
92.4,2,FALSE,0,91,0,0,FALSE
78,3,TRUE,0,60,0,0,TRUE
64,3,TRUE,1,103,0,0,TRUE
54,3,TRUE,0,120,0,0,TRUE
50,2,FALSE,1,120,0,0,TRUE
50,2,TRUE,3,52,0,0,FALSE
62,2,FALSE,1,120,0,1,TRUE
53,3,TRUE,4,19,0,0,TRUE
43,2,TRUE,0,53,0,0,TRUE
67,3,TRUE,1,112,1,0,TRUE
69,3,TRUE,2,67,0,1,FALSE
47,2,FALSE,2,50,0,0,TRUE
78,3,TRUE,1,15,0,0,TRUE
77,2,FALSE,2,93,0,0,FALSE
63,3,TRUE,4,120,0,0,TRUE
61,2,TRUE,0,120,0,1,FALSE
58,3,TRUE,4,37,1,1,TRUE
56,2,FALSE,1,97,0,0,TRUE
71.3,2,FALSE,3,55,1,0,TRUE
74,3,TRUE,1,82,0,0,TRUE
70,3,TRUE,3,69,1,1,TRUE
83,2,FALSE,2,51,0,0,FALSE
72,2,TRUE,4,34,1,1,FALSE
64,3,TRUE,3,12,1,1,FALSE
82,2,FALSE,2,66,0,0,FALSE
67,3,TRUE,2,48,0,0,FALSE
80,3,FALSE,3,30,1,1,FALSE
81,2,FALSE,3,5,0,0,TRUE
53,2,FALSE,1,71,0,0,TRUE
84,3,FALSE,2,9,1,0,TRUE
66.4,2,FALSE,0,53,0,0,TRUE
67,3,TRUE,3,65,1,0,TRUE
79.3,3,FALSE,0,42,1,0,FALSE
65,2,FALSE,0,51,0,0,TRUE
74,3,FALSE,4,105,1,0,TRUE
71,2,FALSE,0,2,1,0,TRUE
79,2,FALSE,1,75,1,0,TRUE
59,2,FALSE,4,14,0,0,TRUE
61,2,FALSE,1,54,0,0,TRUE
66,2,FALSE,4,85,0,0,FALSE
61,3,TRUE,3,64,0,0,TRUE
66,3,TRUE,3,20,1,1,TRUE
54,3,FALSE,1,90,0,0,TRUE
88,2,FALSE,1,37,1,1,TRUE
40.8,3,FALSE,4,49,0,0,FALSE
58,2,FALSE,4,14,1,1,TRUE
86,2,FALSE,1,52,1,0,FALSE
76,3,TRUE,1,82,0,0,FALSE
72,3,TRUE,3,19,1,1,FALSE
66,2,TRUE,4,32,1,0,TRUE
65,2,FALSE,2,49,0,0,FALSE
70,3,TRUE,1,92,0,0,TRUE
77,2,FALSE,4,18,1,1,TRUE
36.9,2,FALSE,2,52,0,1,TRUE
57,2,FALSE,2,20,0,0,FALSE
71,2,FALSE,1,22,1,1,FALSE
73,2,FALSE,1,77,0,1,TRUE
49,2,FALSE,2,48,0,0,TRUE
61,2,FALSE,4,106,1,0,TRUE
49,3,TRUE,4,44,1,1,FALSE
73,2,FALSE,0,84,1,0,TRUE
83,3,FALSE,3,42,1,1,FALSE
50,2,TRUE,0,85,0,0,TRUE
55,2,TRUE,3,74,0,0,TRUE
92,3,FALSE,1,14,1,1,FALSE
66,3,TRUE,2,15,1,0,FALSE
73,3,TRUE,2,46,0,0,TRUE
77,2,FALSE,0,43,0,0,TRUE
70,2,FALSE,1,92,0,0,TRUE
59,3,TRUE,1,50,1,1,FALSE
64,2,TRUE,3,68,0,1,TRUE
63,2,FALSE,1,53,0,0,TRUE
57,3,TRUE,4,118,0,0,TRUE
54,3,TRUE,3,25,1,1,TRUE
72,2,FALSE,0,87,0,0,TRUE
74,2,FALSE,1,70,0,0,TRUE
72,2,FALSE,1,118,0,0,TRUE
84,2,FALSE,1,36,1,0,FALSE
68,2,FALSE,0,81,0,1,TRUE
73,2,FALSE,3,79,0,0,TRUE
67,3,TRUE,0,52,0,0,TRUE
58,2,FALSE,1,38,1,1,FALSE
79,2,FALSE,1,120,0,0,TRUE
50,3,TRUE,3,47,1,1,FALSE
58,3,TRUE,3,36,0,0,TRUE
73,2,FALSE,1,24,1,0,TRUE
49,3,TRUE,2,53,0,0,TRUE
68,2,FALSE,4,120,0,0,TRUE
75,3,TRUE,3,34,1,1,TRUE
75,2,FALSE,2,19,0,0,FALSE
78,3,TRUE,4,8,1,1,TRUE
49,2,TRUE,3,8,1,1,FALSE
71,3,TRUE,2,25,0,0,FALSE
88,2,FALSE,4,21,1,1,FALSE
61,2,FALSE,4,17,1,0,TRUE
79,3,TRUE,1,32,1,0,TRUE
58,2,FALSE,4,31,1,1,FALSE
44.9,2,FALSE,3,112,0,0,FALSE
96,3,TRUE,4,36,0,0,TRUE
71,2,FALSE,0,31,0,0,TRUE
84,2,FALSE,1,32,1,1,TRUE
76,2,FALSE,0,59,0,0,TRUE
60,2,TRUE,4,62,0,0,FALSE
58,3,TRUE,1,84,0,1,TRUE
48,3,TRUE,1,120,0,0,FALSE
70,2,FALSE,0,39,1,1,TRUE
75,2,FALSE,0,65,0,0,TRUE
46,3,TRUE,3,117,0,0,FALSE
42.6,2,FALSE,2,31,1,0,FALSE
44,2,TRUE,4,120,0,0,TRUE
87,2,FALSE,4,61,1,0,FALSE
78,3,TRUE,3,86,0,0,TRUE
85,3,FALSE,1,48,1,1,FALSE
73,2,FALSE,1,53,1,0,TRUE
71.5,3,FALSE,4,73,0,0,TRUE
62,2,FALSE,3,49,0,1,TRUE
63,2,TRUE,3,120,0,1,TRUE
84,2,FALSE,2,67,0,0,FALSE
79,3,TRUE,3,5,1,0,FALSE
70,3,TRUE,1,94,0,0,TRUE
62,3,TRUE,2,23,1,1,FALSE
80.9,2,FALSE,4,43,0,0,TRUE
42,3,TRUE,4,24,1,1,FALSE
69,2,FALSE,4,57,0,0,TRUE
66,3,TRUE,4,58,0,1,FALSE
71,2,TRUE,3,31,1,1,FALSE
43,2,TRUE,1,23,1,1,FALSE
64,2,FALSE,1,60,0,0,TRUE
67,3,FALSE,2,2,1,0,FALSE
75,2,FALSE,1,84,0,1,TRUE
58,2,TRUE,4,80,0,0,TRUE
55,2,TRUE,0,106,0,0,TRUE
68,2,FALSE,2,87,0,0,FALSE
75,2,FALSE,1,83,1,0,TRUE
93,2,FALSE,4,33,0,0,FALSE
54,2,FALSE,4,58,0,1,TRUE
86,3,FALSE,1,35,1,1,FALSE
68,2,TRUE,1,120,0,1,TRUE
63,3,FALSE,4,120,0,0,TRUE
70,2,FALSE,0,120,0,0,TRUE
64,2,FALSE,3,120,0,1,FALSE
50,3,FALSE,1,59,1,1,TRUE
76,3,TRUE,4,60,1,0,TRUE
75,2,FALSE,0,60,0,0,TRUE
91,2,FALSE,4,11,1,1,FALSE
78,2,FALSE,2,13,1,1,FALSE
46,2,TRUE,0,120,0,0,FALSE
83,2,FALSE,0,9,0,0,TRUE
71,2,FALSE,1,24,0,0,TRUE
60,3,TRUE,0,66,0,0,FALSE
56,3,TRUE,2,35,0,1,TRUE
79,2,FALSE,1,6,0,0,TRUE
72,2,FALSE,3,104,0,0,TRUE
70,2,FALSE,3,63,0,0,TRUE
85,3,FALSE,3,16,1,1,TRUE
67.5,2,FALSE,4,56,0,0,FALSE
64,3,TRUE,3,53,1,1,TRUE
66.7,2,FALSE,3,68,0,0,TRUE
81.8,2,FALSE,0,48,0,0,FALSE
58,2,FALSE,1,14,0,0,TRUE
89,2,FALSE,2,86,0,0,TRUE
77,2,FALSE,1,90,0,0,FALSE
79,2,FALSE,2,26,0,0,FALSE
70,2,FALSE,1,42,1,1,TRUE
70,2,TRUE,1,75,1,1,TRUE
72,3,TRUE,4,59,0,0,FALSE
49,2,TRUE,4,81,0,0,TRUE
62,2,FALSE,0,25,0,0,TRUE
37.5,2,FALSE,4,33,0,0,FALSE
79,2,FALSE,0,46,1,0,FALSE
68,2,TRUE,1,108,0,0,TRUE
51,3,TRUE,1,73,0,0,FALSE
77.8,3,FALSE,2,26,0,1,FALSE
47,2,FALSE,1,45,1,1,TRUE
64,3,TRUE,3,32,1,0,TRUE
68,2,FALSE,1,26,0,0,FALSE
49,2,TRUE,1,80,0,0,TRUE
80,2,FALSE,3,120,0,0,FALSE
75,2,FALSE,4,65,0,0,TRUE
64,3,FALSE,1,58,1,1,FALSE
48,2,FALSE,0,35,0,0,TRUE
58,2,FALSE,1,97,0,0,TRUE
83,2,FALSE,3,120,0,0,TRUE
72,2,TRUE,2,29,0,0,FALSE
49,3,TRUE,1,78,0,1,TRUE
75.3,3,FALSE,0,87,0,0,TRUE
78,2,FALSE,2,33,0,0,FALSE
42,2,TRUE,3,120,0,0,TRUE
54,2,TRUE,2,120,0,0,FALSE
73,3,TRUE,1,66,0,0,TRUE
51,2,TRUE,4,37,0,0,TRUE
83,2,FALSE,1,105,0,0,FALSE
76.9,3,FALSE,0,59,0,0,TRUE
65,3,TRUE,4,90,0,0,TRUE
80,2,FALSE,1,69,0,0,TRUE
81,2,FALSE,1,43,1,0,TRUE
75,2,TRUE,3,120,0,0,FALSE
79,3,FALSE,0,92,0,0,TRUE
69,2,FALSE,0,73,0,0,FALSE
68,3,TRUE,1,120,0,0,FALSE
78,2,FALSE,1,55,0,0,FALSE
70,2,TRUE,1,56,0,0,TRUE
63,3,TRUE,1,50,0,0,TRUE
96,3,TRUE,2,35,0,0,FALSE
71,3,TRUE,1,40,0,1,TRUE
73,2,FALSE,3,120,0,0,TRUE
88,2,FALSE,2,42,1,0,TRUE
61,2,FALSE,1,63,0,0,TRUE
74,3,TRUE,2,68,0,1,FALSE
88,2,FALSE,4,5,1,1,FALSE
68,3,TRUE,2,61,0,0,FALSE
48,2,FALSE,0,120,0,0,TRUE
67,2,FALSE,3,61,0,0,FALSE
59,3,TRUE,0,47,0,0,FALSE
81,2,FALSE,1,55,0,0,TRUE
69,2,FALSE,1,120,0,0,TRUE
78.2,2,TRUE,0,20,1,1,TRUE
56,2,TRUE,3,30,1,1,TRUE
94,2,FALSE,1,39,0,0,TRUE
74.5,2,FALSE,0,16,1,1,TRUE
81,3,FALSE,4,11,1,1,FALSE
81,2,FALSE,1,18,1,1,FALSE
76,2,FALSE,3,4,1,1,TRUE
49,3,TRUE,2,120,0,0,FALSE
62,3,TRUE,3,55,0,0,TRUE
68,2,FALSE,1,120,0,0,TRUE
52,2,TRUE,1,40,0,1,TRUE
47,3,TRUE,1,81,0,0,TRUE
66,2,TRUE,0,24,1,1,TRUE
70,2,TRUE,4,96,0,0,TRUE
67,2,FALSE,1,15,0,0,TRUE
52,2,FALSE,1,53,0,0,TRUE
64,2,FALSE,1,120,0,0,TRUE
68,3,FALSE,4,95,1,1,TRUE
80,2,FALSE,2,12,0,0,TRUE
70,3,FALSE,0,120,0,0,TRUE
48,2,TRUE,1,46,0,0,TRUE
77,2,FALSE,2,53,1,1,TRUE
63,2,TRUE,4,48,1,1,TRUE
59,2,TRUE,4,120,0,0,TRUE
83,3,FALSE,1,43,1,1,FALSE
64,3,TRUE,3,15,1,1,FALSE
63,3,FALSE,3,76,0,0,TRUE
76,2,FALSE,2,11,0,0,FALSE
53,2,FALSE,4,58,1,1,TRUE
46,3,TRUE,2,78,0,0,FALSE
63,2,FALSE,1,120,0,0,TRUE
78,2,FALSE,2,69,0,0,FALSE
66,2,FALSE,1,82,0,0,TRUE
67,3,TRUE,1,80,0,0,TRUE
68,3,TRUE,0,52,0,0,TRUE
78,2,TRUE,1,44,0,1,TRUE
52,3,TRUE,1,12,0,0,FALSE
52,3,TRUE,1,57,0,0,FALSE
90,2,FALSE,3,76,1,0,TRUE
24.9,2,FALSE,0,46,0,0,TRUE
75,3,TRUE,2,97,0,0,TRUE
72,2,FALSE,1,69,0,0,TRUE
68,2,FALSE,0,52,1,1,TRUE
78,2,FALSE,0,92,0,0,TRUE
59,2,TRUE,1,26,1,1,FALSE
22,3,TRUE,4,46,0,0,TRUE
68,2,FALSE,3,87,0,0,TRUE
85.6,2,FALSE,1,20,1,0,TRUE
51,3,TRUE,2,100,0,0,FALSE
59,3,TRUE,4,75,1,1,TRUE
73,3,TRUE,3,14,1,1,FALSE
71,3,TRUE,2,103,0,0,FALSE
78,2,FALSE,2,50,0,0,TRUE
96,3,TRUE,4,72,0,1,TRUE
66,2,FALSE,1,2,0,0,FALSE
78,2,TRUE,1,95,0,0,TRUE
64,2,FALSE,1,70,0,0,TRUE
69,2,FALSE,2,120,0,0,TRUE
63,3,TRUE,3,27,0,1,TRUE
78,2,FALSE,1,43,1,0,TRUE
75,2,FALSE,2,81,0,0,FALSE
46,2,FALSE,0,73,0,0,TRUE
66,2,FALSE,0,106,0,0,TRUE
59,3,TRUE,1,120,0,0,FALSE
78,2,FALSE,0,33,1,0,TRUE
60.9,3,TRUE,3,73,0,0,TRUE
50,2,FALSE,3,67,0,0,FALSE
85,3,FALSE,3,36,1,1,TRUE
75,3,TRUE,2,77,0,0,FALSE
72,3,TRUE,3,95,0,0,FALSE
72,3,FALSE,0,89,0,0,TRUE
43,3,TRUE,1,83,0,0,TRUE
72,2,FALSE,1,82,0,0,FALSE
75,2,FALSE,1,44,1,1,FALSE
58,3,TRUE,3,102,1,1,TRUE
88,2,FALSE,0,51,0,0,TRUE
81,2,FALSE,1,63,0,0,TRUE
71,3,TRUE,4,55,0,1,FALSE
45,2,FALSE,1,50,0,0,TRUE
73,3,TRUE,1,71,1,1,TRUE
32,3,TRUE,0,76,0,0,TRUE
74,2,FALSE,4,42,0,1,FALSE
67,3,TRUE,1,76,0,0,FALSE
60,2,FALSE,0,83,0,0,TRUE
68,3,TRUE,1,117,0,0,TRUE
56,2,FALSE,1,96,0,0,TRUE
66.3,2,FALSE,4,68,0,0,TRUE
77,2,FALSE,2,50,0,0,FALSE
67,3,TRUE,2,93,0,0,FALSE
79,3,TRUE,0,77,0,0,TRUE
76,2,FALSE,1,47,1,1,FALSE
69,3,TRUE,1,27,1,1,TRUE
82,2,FALSE,1,67,1,0,TRUE
96,3,TRUE,4,36,0,0,TRUE
68,2,FALSE,3,91,0,0,TRUE
42,2,FALSE,0,44,1,0,TRUE
76,3,FALSE,0,8,1,1,TRUE
80,3,FALSE,0,41,1,0,TRUE
73,3,TRUE,4,47,0,0,FALSE
70,2,TRUE,1,104,0,0,TRUE
72,2,FALSE,4,120,0,0,FALSE
68,2,FALSE,1,15,0,0,FALSE
68,2,FALSE,1,48,0,0,TRUE
35.4,3,FALSE,1,35,0,0,TRUE
67,2,FALSE,2,70,0,1,FALSE
58,2,TRUE,2,42,0,0,TRUE
67,3,FALSE,4,73,0,0,TRUE
65,2,FALSE,1,64,1,0,TRUE
71,2,TRUE,4,41,0,0,TRUE
70,3,TRUE,1,56,0,0,FALSE
66,3,FALSE,3,28,0,1,TRUE
66,3,TRUE,1,54,0,0,TRUE
82,3,FALSE,0,31,0,0,TRUE
71,2,FALSE,1,66,1,0,TRUE
67,2,FALSE,4,87,1,1,TRUE
77,2,FALSE,2,74,0,0,FALSE
58,3,TRUE,1,39,0,1,TRUE
73,2,FALSE,1,7,0,0,TRUE
45,3,TRUE,3,120,0,0,FALSE
96,3,TRUE,1,37,0,1,TRUE
76,2,FALSE,1,35,1,1,TRUE
63,3,TRUE,1,15,0,1,TRUE
67,2,FALSE,1,74,0,0,TRUE
54,3,TRUE,3,72,0,0,FALSE
54,3,TRUE,1,120,0,0,TRUE
69,2,FALSE,1,75,0,0,FALSE
46,3,TRUE,3,32,0,1,FALSE
59,3,TRUE,0,43,0,0,FALSE
73,3,TRUE,1,75,0,0,FALSE
49,3,TRUE,4,119,0,1,TRUE
57,3,TRUE,1,53,0,0,TRUE
82,2,FALSE,3,26,0,0,FALSE
73,3,TRUE,3,87,0,0,TRUE
